,busA,busB,Zaa,Zbb,Zcc,Zab,Zac,Zbc,Baa,Bbb,Bcc,Bab,Bac,Bbc
sourcez,sourcebus,sourcebusz,(0.5743408230315273+1.7234619861939902j),(0.5743408230315274+1.7234619861939906j),(0.5743408230315274+1.7234619861939908j),(0.5736068230292247+1.720524986189671j),(0.5736068230292249+1.7205249861896714j),(0.5736068230292249+1.7205249861896714j),0j,0j,0j,0j,0j,0j
line1,1,15,(0.0008773020000000003+8.235000000000001e-05j),,,,,,,,,,,
line2,15,103,,,,,,,,,,,,
line3,15,4,,,,,,,,,,,,
line4,25,5,,,,,,,,,,,,
line5,25,6,,,,,,,,,,,,
line6,27,7,,,,,,,,,,,,
line7,27,8,,,,,,,,,,,,
line8,32,9,,,,,,,,,,,,
line9,32,10,,,,,,,,,,,,
line10,36,11,,,,,,,,,,,,
line11,36,12,,,,,,,,,,,,
line12,37,13,,,,,,,,,,,,
line13,37,14,,,,,,,,,,,,
line14,48,15,,,,,,,,,,,,
line15,48,16,,,,,,,,,,,,
line16,59,17,,,,,,,,,,,,
line17,59,18,,,,,,,,,,,,
line18,66,19,,,,,,,,,,,,
line19,66,20,,,,,,,,,,,,
line20,101,21,,,,,,,,,,,,
line21,101,22,,,,,,,,,,,,
line22,114,23,,,,,,,,,,,,
line23,114,24,,,,,,,,,,,,
line24,117,25,,,,,,,,,,,,
line25,117,26,,,,,,,,,,,,
line26,127,27,,,,,,,,,,,,
line27,127,28,,,,,,,,,,,,
line28,145,29,,,,,,,,,,,,
line29,145,30,,,,,,,,,,,,
line30,155,31,,,,,,,,,,,,
line31,155,1,,,,,,,,,,,,
line32,166,33,,,,,,,,,,,,
line33,166,1,,,,,,,,,,,,
line34,171,183,,,,,,,,,,,,
line35,171,36,,,,,,,,,,,,
line36,183,37,,,,,,,,,,,,
line37,183,38,,,,,,,,,,,,
line38,188,39,,,,,,,,,,,,
line39,188,40,,,,,,,,,,,,
line40,196,41,,,,,,,,,,,,
line41,196,42,,,,,,,,,,,,
line42,226,43,,,,,,,,,,,,
line43,226,44,,,,,,,,,,,,
line44,241,45,,,,,,,,,,,,
line45,241,46,,,,,,,,,,,,
line46,247,47,,,,,,,,,,,,
line47,247,48,,,,,,,,,,,,
line48,261,49,,,,,,,,,,,,
line49,261,50,,,,,,,,,,,,
line50,263,51,,,,,,,,,,,,
line51,263,52,,,,,,,,,,,,
line52,280,53,,,,,,,,,,,,
line53,280,54,,,,,,,,,,,,
line54,283,55,,,,,,,,,,,,
line55,283,56,,,,,,,,,,,,
line56,310,57,,,,,,,,,,,,
line57,310,58,,,,,,,,,,,,
line58,325,59,,,,,,,,,,,,
line59,325,60,,,,,,,,,,,,
line60,332,61,,,,,,,,,,,,
line61,332,62,,,,,,,,,,,,
line62,336,63,,,,,,,,,,,,
line63,336,64,,,,,,,,,,,,
line64,373,65,,,,,,,,,,,,
line65,373,66,,,,,,,,,,,,
line66,379,67,,,,,,,,,,,,
line67,379,68,,,,,,,,,,,,
line68,391,69,,,,,,,,,,,,
line69,391,70,,,,,,,,,,,,
line70,403,71,,,,,,,,,,,,
line71,403,72,,,,,,,,,,,,
line72,419,73,,,,,,,,,,,,
line73,419,74,,,,,,,,,,,,
line74,425,75,,,,,,,,,,,,
line75,425,76,,,,,,,,,,,,
line76,69,77,,,,,,,,,,,,
line77,71,78,,,,,,,,,,,,
line78,72,79,,,,,,,,,,,,
line79,75,80,,,,,,,,,,,,
line80,76,81,,,,,,,,,,,,
line81,77,82,,,,,,,,,,,,
line82,78,83,,,,,,,,,,,,
line83,79,84,,,,,,,,,,,,
line84,80,85,,,,,,,,,,,,
line85,81,86,,,,,,,,,,,,
line86,82,87,,,,,,,,,,,,
line87,84,88,,,,,,,,,,,,
line88,85,89,,,,,,,,,,,,
line89,86,90,,,,,,,,,,,,
line90,87,91,,,,,,,,,,,,
line91,88,92,,,,,,,,,,,,
line92,90,93,,,,,,,,,,,,
line93,91,94,,,,,,,,,,,,
line94,92,95,,,,,,,,,,,,
line95,93,96,,,,,,,,,,,,
line96,94,97,,,,,,,,,,,,
line97,95,98,,,,,,,,,,,,
line98,96,99,,,,,,,,,,,,
line99,97,100,,,,,,,,,,,,
line100,98,101,,,,,,,,,,,,
line101,99,102,,,,,,,,,,,,
line102,100,103,,,,,,,,,,,,
line103,101,104,,,,,,,,,,,,
line104,101,105,,,,,,,,,,,,
line105,102,106,,,,,,,,,,,,
line106,104,107,,,,,,,,,,,,
line107,105,108,,,,,,,,,,,,
line108,106,109,,,,,,,,,,,,
line109,107,110,,,,,,,,,,,,
line110,108,111,,,,,,,,,,,,
line111,109,112,,,,,,,,,,,,
line112,110,113,,,,,,,,,,,,
line113,111,114,,,,,,,,,,,,
line114,112,115,,,,,,,,,,,,
line115,113,116,,,,,,,,,,,,
line116,114,117,,,,,,,,,,,,
line117,114,118,,,,,,,,,,,,
line118,115,119,,,,,,,,,,,,
line119,116,120,,,,,,,,,,,,
line120,117,121,,,,,,,,,,,,
line121,117,122,,,,,,,,,,,,
line122,118,123,,,,,,,,,,,,
line123,119,124,,,,,,,,,,,,
line124,120,125,,,,,,,,,,,,
line125,121,126,,,,,,,,,,,,
line126,122,127,,,,,,,,,,,,
line127,123,128,,,,,,,,,,,,
line128,124,129,,,,,,,,,,,,
line129,125,130,,,,,,,,,,,,
line130,126,131,,,,,,,,,,,,
line131,127,132,,,,,,,,,,,,
line132,127,133,,,,,,,,,,,,
line133,128,134,,,,,,,,,,,,
line134,129,135,,,,,,,,,,,,
line135,130,136,,,,,,,,,,,,
line136,131,137,,,,,,,,,,,,
line137,132,138,,,,,,,,,,,,
line138,133,139,,,,,,,,,,,,
line139,134,140,,,,,,,,,,,,
line140,135,141,,,,,,,,,,,,
line141,136,142,,,,,,,,,,,,
line142,137,143,,,,,,,,,,,,
line143,138,144,,,,,,,,,,,,
line144,139,145,,,,,,,,,,,,
line145,140,146,,,,,,,,,,,,
line146,141,147,,,,,,,,,,,,
line147,142,148,,,,,,,,,,,,
line148,143,149,,,,,,,,,,,,
line149,144,150,,,,,,,,,,,,
line150,145,151,,,,,,,,,,,,
line151,145,152,,,,,,,,,,,,
line152,146,153,,,,,,,,,,,,
line153,147,154,,,,,,,,,,,,
line154,148,155,,,,,,,,,,,,
line155,149,156,,,,,,,,,,,,
line156,150,157,,,,,,,,,,,,
line157,151,158,,,,,,,,,,,,
line158,152,159,,,,,,,,,,,,
line159,153,160,,,,,,,,,,,,
line160,154,161,,,,,,,,,,,,
line161,155,162,,,,,,,,,,,,
line162,155,163,,,,,,,,,,,,
line163,156,164,,,,,,,,,,,,
line164,157,165,,,,,,,,,,,,
line165,158,166,,,,,,,,,,,,
line166,159,167,,,,,,,,,,,,
line167,160,168,,,,,,,,,,,,
line168,161,169,,,,,,,,,,,,
line169,162,170,,,,,,,,,,,,
line170,163,171,,,,,,,,,,,,
line171,164,172,,,,,,,,,,,,
line172,165,173,,,,,,,,,,,,
line173,166,174,,,,,,,,,,,,
line174,166,175,,,,,,,,,,,,
line175,167,176,,,,,,,,,,,,
line176,168,177,,,,,,,,,,,,
line177,170,178,,,,,,,,,,,,
line178,171,179,,,,,,,,,,,,
line179,171,180,,,,,,,,,,,,
line180,172,181,,,,,,,,,,,,
line181,173,182,,,,,,,,,,,,
line182,174,183,,,,,,,,,,,,
line183,175,184,,,,,,,,,,,,
line184,176,185,,,,,,,,,,,,
line185,177,186,,,,,,,,,,,,
line186,179,187,,,,,,,,,,,,
line187,180,188,,,,,,,,,,,,
line188,181,189,,,,,,,,,,,,
line189,182,190,,,,,,,,,,,,
line190,183,191,,,,,,,,,,,,
line191,183,192,,,,,,,,,,,,
line192,184,193,,,,,,,,,,,,
line193,185,194,,,,,,,,,,,,
line194,186,195,,,,,,,,,,,,
line195,187,196,,,,,,,,,,,,
line196,188,197,,,,,,,,,,,,
line197,188,198,,,,,,,,,,,,
line198,189,199,,,,,,,,,,,,
line199,190,200,,,,,,,,,,,,
line200,191,201,,,,,,,,,,,,
line201,192,202,,,,,,,,,,,,
line202,193,203,,,,,,,,,,,,
line203,194,204,,,,,,,,,,,,
line204,195,205,,,,,,,,,,,,
line205,196,206,,,,,,,,,,,,
line206,196,207,,,,,,,,,,,,
line207,197,208,,,,,,,,,,,,
line208,198,209,,,,,,,,,,,,
line209,199,210,,,,,,,,,,,,
line210,200,211,,,,,,,,,,,,
line211,202,212,,,,,,,,,,,,
line212,203,213,,,,,,,,,,,,
line213,204,214,,,,,,,,,,,,
line214,205,215,,,,,,,,,,,,
line215,206,216,,,,,,,,,,,,
line216,207,217,,,,,,,,,,,,
line217,209,218,,,,,,,,,,,,
line218,210,219,,,,,,,,,,,,
line219,211,220,,,,,,,,,,,,
line220,212,221,,,,,,,,,,,,
line221,213,222,,,,,,,,,,,,
line222,214,223,,,,,,,,,,,,
line223,215,224,,,,,,,,,,,,
line224,216,225,,,,,,,,,,,,
line225,217,226,,,,,,,,,,,,
line226,218,227,,,,,,,,,,,,
line227,220,228,,,,,,,,,,,,
line228,221,229,,,,,,,,,,,,
line229,222,230,,,,,,,,,,,,
line230,223,231,,,,,,,,,,,,
line231,224,232,,,,,,,,,,,,
line232,226,233,,,,,,,,,,,,
line233,226,234,,,,,,,,,,,,
line234,227,235,,,,,,,,,,,,
line235,228,236,,,,,,,,,,,,
line236,229,237,,,,,,,,,,,,
line237,230,238,,,,,,,,,,,,
line238,231,239,,,,,,,,,,,,
line239,232,240,,,,,,,,,,,,
line240,233,241,,,,,,,,,,,,
line241,235,242,,,,,,,,,,,,
line242,236,243,,,,,,,,,,,,
line243,237,244,,,,,,,,,,,,
line244,238,245,,,,,,,,,,,,
line245,239,246,,,,,,,,,,,,
line246,240,247,,,,,,,,,,,,
line247,241,248,,,,,,,,,,,,
line248,241,249,,,,,,,,,,,,
line249,242,250,,,,,,,,,,,,
line250,243,251,,,,,,,,,,,,
line251,244,252,,,,,,,,,,,,
line252,245,253,,,,,,,,,,,,
line253,246,254,,,,,,,,,,,,
line254,247,255,,,,,,,,,,,,
line255,247,256,,,,,,,,,,,,
line256,250,257,,,,,,,,,,,,
line257,251,258,,,,,,,,,,,,
line258,252,259,,,,,,,,,,,,
line259,253,260,,,,,,,,,,,,
line260,254,261,,,,,,,,,,,,
line261,255,262,,,,,,,,,,,,
line262,256,263,,,,,,,,,,,,
line263,257,264,,,,,,,,,,,,
line264,258,265,,,,,,,,,,,,
line265,259,266,,,,,,,,,,,,
line266,260,267,,,,,,,,,,,,
line267,261,268,,,,,,,,,,,,
line268,261,269,,,,,,,,,,,,
line269,262,270,,,,,,,,,,,,
line270,263,271,,,,,,,,,,,,
line271,263,272,,,,,,,,,,,,
line272,265,273,,,,,,,,,,,,
line273,266,274,,,,,,,,,,,,
line274,267,275,,,,,,,,,,,,
line275,268,276,,,,,,,,,,,,
line276,269,277,,,,,,,,,,,,
line277,270,278,,,,,,,,,,,,
line278,271,279,,,,,,,,,,,,
line279,272,280,,,,,,,,,,,,
line280,273,281,,,,,,,,,,,,
line281,274,282,,,,,,,,,,,,
line282,275,283,,,,,,,,,,,,
line283,277,284,,,,,,,,,,,,
line284,278,285,,,,,,,,,,,,
line285,279,286,,,,,,,,,,,,
line286,280,287,,,,,,,,,,,,
line287,280,288,,,,,,,,,,,,
line288,281,289,,,,,,,,,,,,
line289,282,290,,,,,,,,,,,,
line290,283,291,,,,,,,,,,,,
line291,283,292,,,,,,,,,,,,
line292,284,293,,,,,,,,,,,,
line293,285,294,,,,,,,,,,,,
line294,286,295,,,,,,,,,,,,
line295,287,296,,,,,,,,,,,,
line296,288,297,,,,,,,,,,,,
line297,291,298,,,,,,,,,,,,
line298,292,299,,,,,,,,,,,,
line299,293,300,,,,,,,,,,,,
line300,294,301,,,,,,,,,,,,
line301,295,302,,,,,,,,,,,,
line302,296,303,,,,,,,,,,,,
line303,297,304,,,,,,,,,,,,
line304,298,305,,,,,,,,,,,,
line305,299,306,,,,,,,,,,,,
line306,300,307,,,,,,,,,,,,
line307,301,308,,,,,,,,,,,,
line308,302,309,,,,,,,,,,,,
line309,303,310,,,,,,,,,,,,
line310,304,311,,,,,,,,,,,,
line311,305,312,,,,,,,,,,,,
line312,306,313,,,,,,,,,,,,
line313,307,314,,,,,,,,,,,,
line314,308,315,,,,,,,,,,,,
line315,309,316,,,,,,,,,,,,
line316,310,317,,,,,,,,,,,,
line317,310,318,,,,,,,,,,,,
line318,311,319,,,,,,,,,,,,
line319,312,320,,,,,,,,,,,,
line320,313,321,,,,,,,,,,,,
line321,315,322,,,,,,,,,,,,
line322,316,323,,,,,,,,,,,,
line323,317,324,,,,,,,,,,,,
line324,318,325,,,,,,,,,,,,
line325,319,326,,,,,,,,,,,,
line326,321,327,,,,,,,,,,,,
line327,322,328,,,,,,,,,,,,
line328,323,329,,,,,,,,,,,,
line329,324,330,,,,,,,,,,,,
line330,325,331,,,,,,,,,,,,
line331,325,332,,,,,,,,,,,,
line332,326,333,,,,,,,,,,,,
line333,328,334,,,,,,,,,,,,
line334,329,335,,,,,,,,,,,,
line335,330,336,,,,,,,,,,,,
line336,331,337,,,,,,,,,,,,
line337,332,338,,,,,,,,,,,,
line338,332,339,,,,,,,,,,,,
line339,333,340,,,,,,,,,,,,
line340,334,341,,,,,,,,,,,,
line341,335,342,,,,,,,,,,,,
line342,336,343,,,,,,,,,,,,
line343,336,344,,,,,,,,,,,,
line344,338,345,,,,,,,,,,,,
line345,339,346,,,,,,,,,,,,
line346,340,347,,,,,,,,,,,,
line347,341,348,,,,,,,,,,,,
line348,343,349,,,,,,,,,,,,
line349,344,350,,,,,,,,,,,,
line350,345,351,,,,,,,,,,,,
line351,346,352,,,,,,,,,,,,
line352,347,353,,,,,,,,,,,,
line353,348,354,,,,,,,,,,,,
line354,350,355,,,,,,,,,,,,
line355,351,356,,,,,,,,,,,,
line356,352,357,,,,,,,,,,,,
line357,353,358,,,,,,,,,,,,
line358,354,359,,,,,,,,,,,,
line359,355,360,,,,,,,,,,,,
line360,356,361,,,,,,,,,,,,
line361,357,362,,,,,,,,,,,,
line362,358,363,,,,,,,,,,,,
line363,359,364,,,,,,,,,,,,
line364,360,365,,,,,,,,,,,,
line365,361,366,,,,,,,,,,,,
line366,362,367,,,,,,,,,,,,
line367,363,368,,,,,,,,,,,,
line368,364,369,,,,,,,,,,,,
line369,365,370,,,,,,,,,,,,
line370,366,371,,,,,,,,,,,,
line371,367,372,,,,,,,,,,,,
line372,368,373,,,,,,,,,,,,
line373,369,374,,,,,,,,,,,,
line374,370,375,,,,,,,,,,,,
line375,371,376,,,,,,,,,,,,
line376,372,377,,,,,,,,,,,,
line377,373,378,,,,,,,,,,,,
line378,373,379,,,,,,,,,,,,
line379,374,380,,,,,,,,,,,,
line380,375,381,,,,,,,,,,,,
line381,376,382,,,,,,,,,,,,
line382,377,383,,,,,,,,,,,,
line383,378,384,,,,,,,,,,,,
line384,379,385,,,,,,,,,,,,
line385,379,386,,,,,,,,,,,,
line386,380,387,,,,,,,,,,,,
line387,381,388,,,,,,,,,,,,
line388,382,389,,,,,,,,,,,,
line389,383,390,,,,,,,,,,,,
line390,384,391,,,,,,,,,,,,
line391,385,392,,,,,,,,,,,,
line392,386,393,,,,,,,,,,,,
line393,389,394,,,,,,,,,,,,
line394,390,395,,,,,,,,,,,,
line395,391,396,,,,,,,,,,,,
line396,391,397,,,,,,,,,,,,
line397,392,398,,,,,,,,,,,,
line398,393,399,,,,,,,,,,,,
line399,394,400,,,,,,,,,,,,
line400,395,401,,,,,,,,,,,,
line401,396,402,,,,,,,,,,,,
line402,397,403,,,,,,,,,,,,
line403,398,404,,,,,,,,,,,,
line404,399,405,,,,,,,,,,,,
line405,400,406,,,,,,,,,,,,
line406,401,407,,,,,,,,,,,,
line407,402,408,,,,,,,,,,,,
line408,403,409,,,,,,,,,,,,
line409,403,410,,,,,,,,,,,,
line410,404,411,,,,,,,,,,,,
line411,405,412,,,,,,,,,,,,
line412,407,413,,,,,,,,,,,,
line413,408,414,,,,,,,,,,,,
line414,409,415,,,,,,,,,,,,
line415,410,416,,,,,,,,,,,,
line416,411,417,,,,,,,,,,,,
line417,412,418,,,,,,,,,,,,
line418,413,419,,,,,,,,,,,,
line419,414,420,,,,,,,,,,,,
line420,415,421,,,,,,,,,,,,
line421,416,422,,,,,,,,,,,,
line422,417,423,,,,,,,,,,,,
line423,418,424,,,,,,,,,,,,
line424,419,425,,,,,,,,,,,,
line425,419,426,,,,,,,,,,,,
line426,420,427,,,,,,,,,,,,
line427,421,428,,,,,,,,,,,,
line428,422,429,,,,,,,,,,,,
line429,423,430,,,,,,,,,,,,
line430,424,431,,,,,,,,,,,,
line431,425,432,,,,,,,,,,,,
line432,425,433,,,,,,,,,,,,
line433,427,434,,,,,,,,,,,,
line434,428,435,,,,,,,,,,,,
line435,429,436,,,,,,,,,,,,
line436,430,437,,,,,,,,,,,,
line437,431,438,,,,,,,,,,,,
line438,432,439,,,,,,,,,,,,
line439,432,440,,,,,,,,,,,,
line440,434,441,,,,,,,,,,,,
line441,435,442,,,,,,,,,,,,
line442,436,443,,,,,,,,,,,,
line443,437,444,,,,,,,,,,,,
line444,438,445,,,,,,,,,,,,
line445,439,446,,,,,,,,,,,,
line446,439,447,,,,,,,,,,,,
line447,441,448,,,,,,,,,,,,
line448,442,449,,,,,,,,,,,,
line449,443,450,,,,,,,,,,,,
line450,444,451,,,,,,,,,,,,
line451,445,452,,,,,,,,,,,,
line452,446,453,,,,,,,,,,,,
line453,446,454,,,,,,,,,,,,
line454,448,455,,,,,,,,,,,,
line455,449,456,,,,,,,,,,,,
line456,450,457,,,,,,,,,,,,
line457,451,458,,,,,,,,,,,,
line458,452,459,,,,,,,,,,,,
line459,453,460,,,,,,,,,,,,
line460,453,461,,,,,,,,,,,,
line461,453,462,,,,,,,,,,,,
line462,455,463,,,,,,,,,,,,
line463,456,464,,,,,,,,,,,,
line464,457,465,,,,,,,,,,,,
line465,459,466,,,,,,,,,,,,
line466,460,467,,,,,,,,,,,,
line467,460,468,,,,,,,,,,,,
line468,460,469,,,,,,,,,,,,
line469,462,470,,,,,,,,,,,,
line470,463,471,,,,,,,,,,,,
line471,464,472,,,,,,,,,,,,
line472,465,473,,,,,,,,,,,,
line473,466,474,,,,,,,,,,,,
line474,467,475,,,,,,,,,,,,
line475,467,476,,,,,,,,,,,,
line476,470,477,,,,,,,,,,,,
line477,471,478,,,,,,,,,,,,
line478,472,479,,,,,,,,,,,,
line479,473,480,,,,,,,,,,,,
line480,474,481,,,,,,,,,,,,
line481,475,482,,,,,,,,,,,,
line482,475,483,,,,,,,,,,,,
line483,475,484,,,,,,,,,,,,
line484,477,485,,,,,,,,,,,,
line485,478,486,,,,,,,,,,,,
line486,479,487,,,,,,,,,,,,
line487,480,488,,,,,,,,,,,,
line488,481,489,,,,,,,,,,,,
line489,482,490,,,,,,,,,,,,
line490,482,491,,,,,,,,,,,,
line491,484,492,,,,,,,,,,,,
line492,484,493,,,,,,,,,,,,
line493,485,494,,,,,,,,,,,,
line494,486,495,,,,,,,,,,,,
line495,487,496,,,,,,,,,,,,
line496,488,497,,,,,,,,,,,,
line497,489,498,,,,,,,,,,,,
line498,490,499,,,,,,,,,,,,
line499,490,500,,,,,,,,,,,,
line500,492,501,,,,,,,,,,,,
line501,493,502,,,,,,,,,,,,
line502,494,503,,,,,,,,,,,,
line503,495,504,,,,,,,,,,,,
line504,496,505,,,,,,,,,,,,
line505,497,506,,,,,,,,,,,,
line506,498,507,,,,,,,,,,,,
line507,499,508,,,,,,,,,,,,
line508,499,509,,,,,,,,,,,,
line509,501,510,,,,,,,,,,,,
line510,503,511,,,,,,,,,,,,
line511,504,512,,,,,,,,,,,,
line512,505,513,,,,,,,,,,,,
line513,505,514,,,,,,,,,,,,
line514,506,515,,,,,,,,,,,,
line515,508,516,,,,,,,,,,,,
line516,508,517,,,,,,,,,,,,
line517,508,518,,,,,,,,,,,,
line518,510,519,,,,,,,,,,,,
line519,511,520,,,,,,,,,,,,
line520,512,521,,,,,,,,,,,,
line521,513,522,,,,,,,,,,,,
line522,514,523,,,,,,,,,,,,
line523,515,524,,,,,,,,,,,,
line524,516,525,,,,,,,,,,,,
line525,516,526,,,,,,,,,,,,
line526,518,527,,,,,,,,,,,,
line527,519,528,,,,,,,,,,,,
line528,520,529,,,,,,,,,,,,
line529,521,530,,,,,,,,,,,,
line530,523,531,,,,,,,,,,,,
line531,524,532,,,,,,,,,,,,
line532,525,533,,,,,,,,,,,,
line533,525,534,,,,,,,,,,,,
line534,527,535,,,,,,,,,,,,
line535,528,536,,,,,,,,,,,,
line536,529,537,,,,,,,,,,,,
line537,530,538,,,,,,,,,,,,
line538,530,539,,,,,,,,,,,,
line539,531,540,,,,,,,,,,,,
line540,532,541,,,,,,,,,,,,
line541,533,542,,,,,,,,,,,,
line542,533,543,,,,,,,,,,,,
line543,535,544,,,,,,,,,,,,
line544,536,545,,,,,,,,,,,,
line545,537,546,,,,,,,,,,,,
line546,538,547,,,,,,,,,,,,
line547,540,548,,,,,,,,,,,,
line548,541,549,,,,,,,,,,,,
line549,542,550,,,,,,,,,,,,
line550,542,551,,,,,,,,,,,,
line551,544,552,,,,,,,,,,,,
line552,544,553,,,,,,,,,,,,
line553,545,554,,,,,,,,,,,,
line554,546,555,,,,,,,,,,,,
line555,547,556,,,,,,,,,,,,
line556,548,557,,,,,,,,,,,,
line557,549,558,,,,,,,,,,,,
line558,550,559,,,,,,,,,,,,
line559,550,560,,,,,,,,,,,,
line560,552,561,,,,,,,,,,,,
line561,553,562,,,,,,,,,,,,
line562,554,563,,,,,,,,,,,,
line563,555,564,,,,,,,,,,,,
line564,557,565,,,,,,,,,,,,
line565,558,566,,,,,,,,,,,,
line566,559,567,,,,,,,,,,,,
line567,559,568,,,,,,,,,,,,
line568,559,569,,,,,,,,,,,,
line569,561,570,,,,,,,,,,,,
line570,564,571,,,,,,,,,,,,
line571,565,572,,,,,,,,,,,,
line572,567,573,,,,,,,,,,,,
line573,567,574,,,,,,,,,,,,
line574,569,575,,,,,,,,,,,,
line575,570,576,,,,,,,,,,,,
line576,571,577,,,,,,,,,,,,
line577,572,578,,,,,,,,,,,,
line578,573,579,,,,,,,,,,,,
line579,573,580,,,,,,,,,,,,
line580,573,581,,,,,,,,,,,,
line581,575,582,,,,,,,,,,,,
line582,576,583,,,,,,,,,,,,
line583,577,584,,,,,,,,,,,,
line584,578,585,,,,,,,,,,,,
line585,578,586,,,,,,,,,,,,
line586,579,587,,,,,,,,,,,,
line587,579,588,,,,,,,,,,,,
line588,581,589,,,,,,,,,,,,
line589,582,590,,,,,,,,,,,,
line590,583,591,,,,,,,,,,,,
line591,584,592,,,,,,,,,,,,
line592,585,593,,,,,,,,,,,,
line593,586,594,,,,,,,,,,,,
line594,587,595,,,,,,,,,,,,
line595,587,596,,,,,,,,,,,,
line596,589,597,,,,,,,,,,,,
line597,590,598,,,,,,,,,,,,
line598,591,599,,,,,,,,,,,,
line599,592,600,,,,,,,,,,,,
line600,593,601,,,,,,,,,,,,
line601,594,602,,,,,,,,,,,,
line602,594,603,,,,,,,,,,,,
line603,595,604,,,,,,,,,,,,
line604,595,605,,,,,,,,,,,,
line605,595,606,,,,,,,,,,,,
line606,596,607,,,,,,,,,,,,
line607,596,608,,,,,,,,,,,,
line608,597,609,,,,,,,,,,,,
line609,598,610,,,,,,,,,,,,
line610,599,611,,,,,,,,,,,,
line611,600,612,,,,,,,,,,,,
line612,601,613,,,,,,,,,,,,
line613,602,614,,,,,,,,,,,,
line614,603,615,,,,,,,,,,,,
line615,604,616,,,,,,,,,,,,
line616,604,617,,,,,,,,,,,,
line617,604,618,,,,,,,,,,,,
line618,607,619,,,,,,,,,,,,
line619,609,620,,,,,,,,,,,,
line620,610,621,,,,,,,,,,,,
line621,612,622,,,,,,,,,,,,
line622,613,623,,,,,,,,,,,,
line623,615,624,,,,,,,,,,,,
line624,615,625,,,,,,,,,,,,
line625,616,626,,,,,,,,,,,,
line626,620,627,,,,,,,,,,,,
line627,621,628,,,,,,,,,,,,
line628,622,629,,,,,,,,,,,,
line629,623,630,,,,,,,,,,,,
line630,624,631,,,,,,,,,,,,
line631,625,632,,,,,,,,,,,,
line632,626,633,,,,,,,,,,,,
line633,627,634,,,,,,,,,,,,
line634,628,635,,,,,,,,,,,,
line635,630,636,,,,,,,,,,,,
line636,631,637,,,,,,,,,,,,
line637,632,638,,,,,,,,,,,,
line638,633,639,,,,,,,,,,,,
line639,634,640,,,,,,,,,,,,
line640,635,641,,,,,,,,,,,,
line641,636,642,,,,,,,,,,,,
line642,637,643,,,,,,,,,,,,
line643,638,644,,,,,,,,,,,,
line644,640,645,,,,,,,,,,,,
line645,641,646,,,,,,,,,,,,
line646,642,647,,,,,,,,,,,,
line647,643,648,,,,,,,,,,,,
line648,644,649,,,,,,,,,,,,
line649,645,650,,,,,,,,,,,,
line650,646,651,,,,,,,,,,,,
line651,647,652,,,,,,,,,,,,
line652,648,653,,,,,,,,,,,,
line653,649,654,,,,,,,,,,,,
line654,650,655,,,,,,,,,,,,
line655,651,656,,,,,,,,,,,,
line656,651,657,,,,,,,,,,,,
line657,652,658,,,,,,,,,,,,
line658,653,659,,,,,,,,,,,,
line659,654,660,,,,,,,,,,,,
line660,655,661,,,,,,,,,,,,
line661,656,662,,,,,,,,,,,,
line662,657,663,,,,,,,,,,,,
line663,658,664,,,,,,,,,,,,
line664,659,665,,,,,,,,,,,,
line665,660,666,,,,,,,,,,,,
line666,661,667,,,,,,,,,,,,
line667,662,668,,,,,,,,,,,,
line668,663,669,,,,,,,,,,,,
line669,664,670,,,,,,,,,,,,
line670,665,671,,,,,,,,,,,,
line671,666,672,,,,,,,,,,,,
line672,666,673,,,,,,,,,,,,
line673,667,674,,,,,,,,,,,,
line674,668,675,,,,,,,,,,,,
line675,669,676,,,,,,,,,,,,
line676,670,677,,,,,,,,,,,,
line677,671,678,,,,,,,,,,,,
line678,672,679,,,,,,,,,,,,
line679,673,680,,,,,,,,,,,,
line680,674,681,,,,,,,,,,,,
line681,675,682,,,,,,,,,,,,
line682,677,683,,,,,,,,,,,,
line683,678,684,,,,,,,,,,,,
line684,679,685,,,,,,,,,,,,
line685,680,686,,,,,,,,,,,,
line686,683,687,,,,,,,,,,,,
line687,684,688,,,,,,,,,,,,
line688,685,689,,,,,,,,,,,,
line689,686,690,,,,,,,,,,,,
line690,686,691,,,,,,,,,,,,
line691,687,692,,,,,,,,,,,,
line692,689,693,,,,,,,,,,,,
line693,690,694,,,,,,,,,,,,
line694,690,695,,,,,,,,,,,,
line695,691,696,,,,,,,,,,,,
line696,691,697,,,,,,,,,,,,
line697,692,698,,,,,,,,,,,,
line698,693,699,,,,,,,,,,,,
line699,694,700,,,,,,,,,,,,
line700,695,701,,,,,,,,,,,,
line701,696,702,,,,,,,,,,,,
line702,697,703,,,,,,,,,,,,
line703,698,704,,,,,,,,,,,,
line704,699,705,,,,,,,,,,,,
line705,700,706,,,,,,,,,,,,
line706,703,707,,,,,,,,,,,,
line707,703,708,,,,,,,,,,,,
line708,704,709,,,,,,,,,,,,
line709,705,710,,,,,,,,,,,,
line710,706,711,,,,,,,,,,,,
line711,707,712,,,,,,,,,,,,
line712,707,713,,,,,,,,,,,,
line713,708,714,,,,,,,,,,,,
line714,709,715,,,,,,,,,,,,
line715,710,716,,,,,,,,,,,,
line716,711,717,,,,,,,,,,,,
line717,712,718,,,,,,,,,,,,
line718,713,719,,,,,,,,,,,,
line719,714,720,,,,,,,,,,,,
line720,715,721,,,,,,,,,,,,
line721,716,722,,,,,,,,,,,,
line722,717,723,,,,,,,,,,,,
line723,718,724,,,,,,,,,,,,
line724,718,725,,,,,,,,,,,,
line725,719,726,,,,,,,,,,,,
line726,720,727,,,,,,,,,,,,
line727,721,728,,,,,,,,,,,,
line728,722,729,,,,,,,,,,,,
line729,723,730,,,,,,,,,,,,
line730,724,731,,,,,,,,,,,,
line731,725,732,,,,,,,,,,,,
line732,726,733,,,,,,,,,,,,
line733,727,734,,,,,,,,,,,,
line734,728,735,,,,,,,,,,,,
line735,729,736,,,,,,,,,,,,
line736,730,737,,,,,,,,,,,,
line737,731,738,,,,,,,,,,,,
line738,732,739,,,,,,,,,,,,
line739,733,740,,,,,,,,,,,,
line740,734,741,,,,,,,,,,,,
line741,735,742,,,,,,,,,,,,
line742,736,743,,,,,,,,,,,,
line743,737,744,,,,,,,,,,,,
line744,738,745,,,,,,,,,,,,
line745,739,746,,,,,,,,,,,,
line746,739,747,,,,,,,,,,,,
line747,740,748,,,,,,,,,,,,
line748,741,749,,,,,,,,,,,,
line749,742,750,,,,,,,,,,,,
line750,743,751,,,,,,,,,,,,
line751,744,752,,,,,,,,,,,,
line752,745,753,,,,,,,,,,,,
line753,745,754,,,,,,,,,,,,
line754,746,755,,,,,,,,,,,,
line755,747,756,,,,,,,,,,,,
line756,748,757,,,,,,,,,,,,
line757,749,758,,,,,,,,,,,,
line758,750,759,,,,,,,,,,,,
line759,751,760,,,,,,,,,,,,
line760,752,761,,,,,,,,,,,,
line761,753,762,,,,,,,,,,,,
line762,754,763,,,,,,,,,,,,
line763,756,764,,,,,,,,,,,,
line764,757,765,,,,,,,,,,,,
line765,758,766,,,,,,,,,,,,
line766,759,767,,,,,,,,,,,,
line767,760,768,,,,,,,,,,,,
line768,761,769,,,,,,,,,,,,
line769,762,770,,,,,,,,,,,,
line770,763,771,,,,,,,,,,,,
line771,763,772,,,,,,,,,,,,
line772,764,773,,,,,,,,,,,,
line773,765,774,,,,,,,,,,,,
line774,766,775,,,,,,,,,,,,
line775,767,776,,,,,,,,,,,,
line776,768,777,,,,,,,,,,,,
line777,769,778,,,,,,,,,,,,
line778,770,779,,,,,,,,,,,,
line779,771,780,,,,,,,,,,,,
line780,772,781,,,,,,,,,,,,
line781,773,782,,,,,,,,,,,,
line782,774,783,,,,,,,,,,,,
line783,775,784,,,,,,,,,,,,
line784,776,785,,,,,,,,,,,,
line785,777,786,,,,,,,,,,,,
line786,779,787,,,,,,,,,,,,
line787,781,788,,,,,,,,,,,,
line788,782,789,,,,,,,,,,,,
line789,783,790,,,,,,,,,,,,
line790,784,791,,,,,,,,,,,,
line791,786,792,,,,,,,,,,,,
line792,786,793,,,,,,,,,,,,
line793,787,794,,,,,,,,,,,,
line794,788,795,,,,,,,,,,,,
line795,789,796,,,,,,,,,,,,
line796,790,797,,,,,,,,,,,,
line797,791,798,,,,,,,,,,,,
line798,792,799,,,,,,,,,,,,
line799,793,800,,,,,,,,,,,,
line800,794,801,,,,,,,,,,,,
line801,794,802,,,,,,,,,,,,
line802,795,803,,,,,,,,,,,,
line803,796,804,,,,,,,,,,,,
line804,797,805,,,,,,,,,,,,
line805,798,806,,,,,,,,,,,,
line806,799,807,,,,,,,,,,,,
line807,800,808,,,,,,,,,,,,
line808,801,809,,,,,,,,,,,,
line809,802,810,,,,,,,,,,,,
line810,802,811,,,,,,,,,,,,
line811,803,812,,,,,,,,,,,,
line812,804,813,,,,,,,,,,,,
line813,805,814,,,,,,,,,,,,
line814,806,815,,,,,,,,,,,,
line815,807,816,,,,,,,,,,,,
line816,808,817,,,,,,,,,,,,
line817,809,818,,,,,,,,,,,,
line818,810,819,,,,,,,,,,,,
line819,810,820,,,,,,,,,,,,
line820,812,821,,,,,,,,,,,,
line821,814,822,,,,,,,,,,,,
line822,815,823,,,,,,,,,,,,
line823,816,824,,,,,,,,,,,,
line824,818,825,,,,,,,,,,,,
line825,819,826,,,,,,,,,,,,
line826,819,827,,,,,,,,,,,,
line827,821,828,,,,,,,,,,,,
line828,822,829,,,,,,,,,,,,
line829,823,830,,,,,,,,,,,,
line830,824,831,,,,,,,,,,,,
line831,825,832,,,,,,,,,,,,
line832,826,833,,,,,,,,,,,,
line833,826,834,,,,,,,,,,,,
line834,828,835,,,,,,,,,,,,
line835,829,836,,,,,,,,,,,,
line836,831,837,,,,,,,,,,,,
line837,832,838,,,,,,,,,,,,
line838,833,839,,,,,,,,,,,,
line839,833,840,,,,,,,,,,,,
line840,836,841,,,,,,,,,,,,
line841,837,842,,,,,,,,,,,,
line842,838,843,,,,,,,,,,,,
line843,839,844,,,,,,,,,,,,
line844,839,845,,,,,,,,,,,,
line845,839,846,,,,,,,,,,,,
line846,841,847,,,,,,,,,,,,
line847,842,848,,,,,,,,,,,,
line848,843,849,,,,,,,,,,,,
line849,844,850,,,,,,,,,,,,
line850,845,851,,,,,,,,,,,,
line851,845,852,,,,,,,,,,,,
line852,847,853,,,,,,,,,,,,
line853,848,854,,,,,,,,,,,,
line854,849,855,,,,,,,,,,,,
line855,850,856,,,,,,,,,,,,
line856,851,857,,,,,,,,,,,,
line857,851,858,,,,,,,,,,,,
line858,853,859,,,,,,,,,,,,
line859,854,860,,,,,,,,,,,,
line860,854,861,,,,,,,,,,,,
line861,855,862,,,,,,,,,,,,
line862,856,863,,,,,,,,,,,,
line863,857,864,,,,,,,,,,,,
line864,857,865,,,,,,,,,,,,
line865,859,866,,,,,,,,,,,,
line866,862,867,,,,,,,,,,,,
line867,863,868,,,,,,,,,,,,
line868,864,869,,,,,,,,,,,,
line869,864,870,,,,,,,,,,,,
line870,866,871,,,,,,,,,,,,
line871,867,872,,,,,,,,,,,,
line872,868,873,,,,,,,,,,,,
line873,868,874,,,,,,,,,,,,
line874,869,875,,,,,,,,,,,,
line875,869,876,,,,,,,,,,,,
line876,871,877,,,,,,,,,,,,
line877,872,878,,,,,,,,,,,,
line878,873,879,,,,,,,,,,,,
line879,874,880,,,,,,,,,,,,
line880,875,881,,,,,,,,,,,,
line881,875,882,,,,,,,,,,,,
line882,877,883,,,,,,,,,,,,
line883,878,884,,,,,,,,,,,,
line884,879,885,,,,,,,,,,,,
line885,880,886,,,,,,,,,,,,
line886,883,887,,,,,,,,,,,,
line887,884,888,,,,,,,,,,,,
line888,884,889,,,,,,,,,,,,
line889,885,890,,,,,,,,,,,,
line890,887,891,,,,,,,,,,,,
line891,888,892,,,,,,,,,,,,
line892,889,893,,,,,,,,,,,,
line893,890,894,,,,,,,,,,,,
line894,891,895,,,,,,,,,,,,
line895,891,896,,,,,,,,,,,,
line896,892,897,,,,,,,,,,,,
line897,893,898,,,,,,,,,,,,
line898,894,899,,,,,,,,,,,,
line899,895,900,,,,,,,,,,,,
line900,897,901,,,,,,,,,,,,
line901,901,902,,,,,,,,,,,,
line902,902,903,,,,,,,,,,,,
line903,903,904,,,,,,,,,,,,
line904,904,905,,,,,,,,,,,,
line905,905,906,,,,,,,,,,,,